Year,Value
2012,5.140326463
2013,5.537796357
2014,6.546992447
2015,6.99175
2016,6.801484
2017,7.10892
2018,8.59605
2020,8.79292
2021,8.54216
2022,10.12961
2023,10.2788
